,img,target
0,aaron-siskind_new-york-1951.jpg,Abstract_Expressionism
1,aaron-siskind_the-tree-35-1973.jpg,Abstract_Expressionism
2,aaron-siskind_westport-10-1988.jpg,Abstract_Expressionism
3,adnan-coker_unknown-title(3).jpg,Abstract_Expressionism
4,alexander-calder_two-discs-1965.jpg,Abstract_Expressionism
5,alice-baber_lavender-high-1968.jpg,Abstract_Expressionism
6,arthur-pinajian_untitled-1960.jpg,Abstract_Expressionism
7,atsuko-tanaka_1980-d4-1980.jpg,Abstract_Expressionism
8,basil-beattie_jarrow-wine-1985.jpg,Abstract_Expressionism
9,blinky-palermo_ohne-titel-1977.jpg,Abstract_Expressionism
10,bradley-walker-tomlin_number-7-1953.jpg,Abstract_Expressionism
11,brett-whiteley_bathers-1963.jpg,Abstract_Expressionism
12,brice-marden_joined-2011.jpg,Abstract_Expressionism
13,brice-marden_red-ground-letter-2010.jpg,Abstract_Expressionism
14,conrad-marca-relli_x-l-31-62-1962.jpg,Abstract_Expressionism
15,cy-twombly_camino-real-iv.jpg,Abstract_Expressionism
16,antonio-palolo_untitled-1992.jpg,Action_painting
17,franz-kline_accent-grave-1955.jpg,Action_painting
18,franz-kline_black-and-white-png.jpg,Action_painting
19,franz-kline_blueberry-eyes-1960.jpg,Action_painting
20,franz-kline_buttress-1956.jpg,Action_painting
21,franz-kline_c-and-o-1958.jpg,Action_painting
22,franz-kline_cardinal-1950.jpg,Action_painting
23,franz-kline_chief-1950.jpg,Action_painting
24,franz-kline_delaware-gap.jpg,Action_painting
25,franz-kline_figure-eight-1952.jpg,Action_painting
26,franz-kline_four-square-1956.jpg,Action_painting
27,franz-kline_herald-1954.jpg,Action_painting
28,franz-kline_horizontal-rust-1960.jpg,Action_painting
29,franz-kline_le-gros.jpg,Action_painting
30,franz-kline_mahoning-1956.jpg,Action_painting
31,franz-kline_meryon-1961.jpg,Action_painting
32,albert-gleizes_acrobats-1916.jpg,Analytical_Cubism
33,albert-gleizes_portrait-of-igor-stravinsky-1914.jpg,Analytical_Cubism
34,georges-braque_a-girl(1).jpg,Analytical_Cubism
35,georges-braque_bottle-and-fishes-1910.jpg,Analytical_Cubism
36,georges-braque_clarinet-and-bottle-of-rum-on-a-mantelpiece-1911.jpg,Analytical_Cubism
37,georges-braque_fruitdish-and-glass-1912.jpg,Analytical_Cubism
38,georges-braque_glass-on-a-table.jpg,Analytical_Cubism
39,georges-braque_glasses-and-bottle-1912.jpg,Analytical_Cubism
40,georges-braque_guitar-and-fruit-dish-1909.jpg,Analytical_Cubism
41,georges-braque_harbor-in-normandy-1909.jpg,Analytical_Cubism
42,georges-braque_homage-to-j-s-bach-1912.jpg,Analytical_Cubism
43,georges-braque_houses-at-estaque-1908.jpg,Analytical_Cubism
44,georges-braque_le-sacre-coeur-1910.jpg,Analytical_Cubism
45,georges-braque_man-with-a-guitar-1911.jpg,Analytical_Cubism
46,georges-braque_man-with-a-violin-1912.jpg,Analytical_Cubism
47,georges-braque_pedestal-table-1911.jpg,Analytical_Cubism
48,alexandre-benois_blackamoor-costume-design(1).jpg,Art_Nouveau_Modern
49,alexandre-benois_hermann-at-the-entrance-to-the-countess(1).jpg,Art_Nouveau_Modern
50,alphonse-mucha_byzantine-head-the-brunette-1897.jpg,Art_Nouveau_Modern
51,alphonse-mucha_maude-adams-as-joan-of-arc-1909.jpg,Art_Nouveau_Modern
52,alphonse-mucha_portrait-charge-1897.jpg,Art_Nouveau_Modern
53,alphonse-mucha_study-of-a-woman-sitting-in-an-armchair.jpg,Art_Nouveau_Modern
54,alphonse-mucha_topaz.jpg,Art_Nouveau_Modern
55,anna-ostroumova-lebedeva_fontanka-1922.jpg,Art_Nouveau_Modern
56,anna-ostroumova-lebedeva_french-embankment-1922.jpg,Art_Nouveau_Modern
57,anna-ostroumova-lebedeva_leningrad-fishing-boys-1942.jpg,Art_Nouveau_Modern
58,anna-ostroumova-lebedeva_pine-tree-1902.jpg,Art_Nouveau_Modern
59,anna-ostroumova-lebedeva_spring-motif-view-from-stone-island-to-krestovsky-and-yelagin-islands-1904.jpg,Art_Nouveau_Modern
60,aubrey-beardsley_portrait-of-himself-in-bed-1894.jpg,Art_Nouveau_Modern
61,aubrey-beardsley_the-burial-of-salome.jpg,Art_Nouveau_Modern
62,aubrey-beardsley_the-climax-1893.jpg,Art_Nouveau_Modern
63,aubrey-beardsley_the-fat-woman.jpg,Art_Nouveau_Modern
64,adriaen-brouwer_village-barbershop.jpg,Baroque
65,adriaen-van-de-velde_harteveld-house-on-the-vecht-in-utrecht.jpg,Baroque
66,adriaen-van-de-venne_emblem-from-cats-monita-amoris-virginei.jpg,Baroque
67,adriaen-van-ostade_a-village-inn.jpg,Baroque
68,adriaen-van-ostade_mother-holding-her-child-in-a-doorway.jpg,Baroque
69,adriaen-van-ostade_the-stall-keeper.jpg,Baroque
70,agostino-carracci_a-peasant-man-head-and-shoulders-shouting.jpg,Baroque
71,aleksey-antropov_portrait-of-general-in-chief-count-william-w-fermor.jpg,Baroque
72,aleksey-antropov_portrait-of-prince-m-i-vorontsov.jpg,Baroque
73,annibale-carracci_the-beaneater-1590.jpg,Baroque
74,anthony-van-dyck_anna-wake.jpg,Baroque
75,anthony-van-dyck_evangelist-john.jpg,Baroque
76,anthony-van-dyck_marchesa-geronima-spinola-1626.jpg,Baroque
77,anthony-van-dyck_saint-bartholomew.jpg,Baroque
78,anthony-van-dyck_st-mary-s-church-at-rye-england-1634.jpg,Baroque
79,anthony-van-dyck_thomas-killigrew-and-william-lord-crofts-1638.jpg,Baroque
80,alfred-jensen_interlacing-colors-i-1959.jpg,Color_Field_Painting
81,alma-woodsey-thomas_atmospheric-effects-i-1970.jpg,Color_Field_Painting
82,alma-woodsey-thomas_red-azaleas-singing-and-dancing-rock-and-roll-music-1976.jpg,Color_Field_Painting
83,andre-pierre-arnal_ficelage-1.jpg,Color_Field_Painting
84,anne-appleby_faded-sweet-pea-2008.jpg,Color_Field_Painting
85,anne-appleby_winter-1999.jpg,Color_Field_Painting
86,anne-truitt_truitt-86-1986.jpg,Color_Field_Painting
87,barnett-newman_canto-xiii-1964.jpg,Color_Field_Painting
88,barnett-newman_onement-i.jpg,Color_Field_Painting
89,barnett-newman_twelfh-station-1965.jpg,Color_Field_Painting
90,barnett-newman_who-s-afraid-of-red-yellow-and-blue-ii.jpg,Color_Field_Painting
91,brice-marden_formal-marble-2011.jpg,Color_Field_Painting
92,brice-marden_rodeo-1971.jpg,Color_Field_Painting
93,brice-marden_study-ii-1981.jpg,Color_Field_Painting
94,charles-hinman_enroute-1982.jpg,Color_Field_Painting
95,charles-hinman_untitled-from-the-on-the-bowery-portfolio-1969.jpg,Color_Field_Painting
96,chuck-close_agnes-1998.jpg,Contemporary_Realism
97,chuck-close_leslie-1986.jpg,Contemporary_Realism
98,eric-fischl_bad-boy.jpg,Contemporary_Realism
99,eric-fischl_barbecue.jpg,Contemporary_Realism
100,eric-fischl_birth-of-love-2nd-version.jpg,Contemporary_Realism
101,eric-fischl_catboy.jpg,Contemporary_Realism
102,eric-fischl_corrida-in-ronda-no-6.jpg,Contemporary_Realism
103,eric-fischl_cyclops-among-the-eternally-dead.jpg,Contemporary_Realism
104,eric-fischl_holy-man.jpg,Contemporary_Realism
105,eric-fischl_krefeld-project-bathroom-scene-2.jpg,Contemporary_Realism
106,eric-fischl_krefeld-project-living-room-scene-3.jpg,Contemporary_Realism
107,eric-fischl_krefeld-project-living-room-scene-4.jpg,Contemporary_Realism
108,eric-fischl_new-house.jpg,Contemporary_Realism
109,eric-fischl_scenes-from-late-paradise-the-parade.jpg,Contemporary_Realism
110,eric-fischl_scenes-of-late-paradise-the-welcome.jpg,Contemporary_Realism
111,eric-fischl_the-bed-the-chair-crossing.jpg,Contemporary_Realism
112,alekos-kontopoulos_armchair-1951.jpg,Cubism
113,amadeo-de-souza-cardoso_corpus-christi-procession-1913(1).jpg,Cubism
114,amadeo-de-souza-cardoso_grief-head-boquilha-1914.jpg,Cubism
115,amadeo-de-souza-cardoso_head-1913.jpg,Cubism
116,amadeo-de-souza-cardoso_interior-expression-of-things-1915.jpg,Cubism
117,amadeo-de-souza-cardoso_parto-da-viola-bom-m-nage-1916.jpg,Cubism
118,amadeo-de-souza-cardoso_zinc-1917.jpg,Cubism
119,andrã©-lhote_cordes-1912.jpg,Cubism
120,andrã©-lhote_le-judgment-de-paris-1927.jpg,Cubism
121,bela-kadar_dissolving-houses-1920.jpg,Cubism
122,candido-portinari_chorinho-1942.jpg,Cubism
123,corneliu-michailescu_housework.jpg,Cubism
124,david-bomberg_bathing-scene-1913.jpg,Cubism
125,diego-rivera_the-adoration-of-the-virgin-1913.jpg,Cubism
126,fernand-leger_composition-1920.jpg,Cubism
127,fernand-leger_face-by-hand-on-a-red-background.jpg,Cubism
128,andrea-del-castagno_crucifixion-1.jpg,Early_Renaissance
129,andrea-del-castagno_dante-alighieri.jpg,Early_Renaissance
130,andrea-del-castagno_stories-of-christ-s-passion-1447-2.jpg,Early_Renaissance
131,andrea-del-verrocchio_giuliano-de-medici-1478.jpg,Early_Renaissance
132,andrea-del-verrocchio_madonna-and-child-1483.jpg,Early_Renaissance
133,andrea-mantegna_portrait-of-a-man-1460.jpg,Early_Renaissance
134,andrea-mantegna_st-jerome-in-the-wilderness-1450.jpg,Early_Renaissance
135,andrea-mantegna_the-house-of-ludovico-gonzaga-bridegroom-decorated-wall-and-his-son-1475.jpg,Early_Renaissance
136,andrea-mantegna_the-resurrected-christ-between-st-andrew-and-longinus-1475.jpg,Early_Renaissance
137,antonello-da-messina_abraham-served-by-three-angels.jpg,Early_Renaissance
138,antonello-da-messina_annunciation-1474.jpg,Early_Renaissance
139,antonello-da-messina_crusifixion-1475-1.jpg,Early_Renaissance
140,antonello-da-messina_ecce-homo.jpg,Early_Renaissance
141,antonello-da-messina_madonna-and-child-1475.jpg,Early_Renaissance
142,antonello-da-messina_madonna-and-child-with-a-praying-franciscan-donor.jpg,Early_Renaissance
143,antonello-da-messina_pieta.jpg,Early_Renaissance
144,abraham-manievich_portrait-of-the-artist-s-wife-1929.jpg,Expressionism
145,abraham-manievich_untitled.jpg,Expressionism
146,albert-bloch_portrait-of-a-boy.jpg,Expressionism
147,alberto-burri_procession-of-the-dead-christ-1946.jpg,Expressionism
148,amedeo-modigliani_caryatid-3.jpg,Expressionism
149,amedeo-modigliani_portrait-of-diego-rivera-1916.jpg,Expressionism
150,amedeo-modigliani_red-headed-girl-in-evening-dress-1918.jpg,Expressionism
151,amedeo-modigliani_woman-with-red-hair-1917.jpg,Expressionism
152,arturo-souto_refugees-1937.jpg,Expressionism
153,arturo-souto_square-of-brussels-1938.jpg,Expressionism
154,august-macke_salto-mortale-in-circus.jpg,Expressionism
155,balthus_study-for-the-dream-i-1935.jpg,Expressionism
156,balthus_the-room.jpg,Expressionism
157,christo-coetzee_spiral-axis-1949.jpg,Expressionism
158,corneliu-baba_self-portrait-1980.jpg,Expressionism
159,costas-niarchos_eros-idea.jpg,Expressionism
160,adam-baltatu_house-on-siret-valley.jpg,Fauvism
161,albert-marquet_street-lamp-arcueil-1899.jpg,Fauvism
162,albert-marquet_unloading-sand-1902.jpg,Fauvism
163,alberto-magnelli_the-cafe-1914.jpg,Fauvism
164,aldemir-martins_vase-with-flowers-and-fruit-2001.jpg,Fauvism
165,andre-derain_still-life-on-the-red-table-1904.jpg,Fauvism
166,andre-derain_the-river.jpg,Fauvism
167,andre-derain_yacht-1905.jpg,Fauvism
168,auguste-herbin_church-at-orgeruse-1908.jpg,Fauvism
169,charles-lapicque_campagne-grecque-1964.jpg,Fauvism
170,charles-lapicque_ferme-en-bretagne.jpg,Fauvism
171,charles-lapicque_le-phare-1958.jpg,Fauvism
172,charles-lapicque_paysage.jpg,Fauvism
173,charles-lapicque_quai-venise-1955.jpg,Fauvism
174,ding-yanyong_red-lady.jpg,Fauvism
175,ding-yanyong_vase-with-lemons-1972.jpg,Fauvism
176,andrea-del-sarto_christ-the-redeemer.jpg,High_Renaissance
177,andrea-del-sarto_holy-family.jpg,High_Renaissance
178,andrea-del-sarto_last-supper.jpg,High_Renaissance
179,andrea-del-sarto_madonna-and-child-with-the-infant-saint-john-in-a-landscape.jpg,High_Renaissance
180,andrea-del-sarto_madonna-del-sacco-1525.jpg,High_Renaissance
181,andrea-del-sarto_self-portrait.jpg,High_Renaissance
182,andrea-mantegna_hercules-resting-after-the-fight-with-the-lion-denemee-1500.jpg,High_Renaissance
183,andrea-mantegna_julius-caesar-on-his-triumphal-car-1500.jpg,High_Renaissance
184,andrea-mantegna_muse.jpg,High_Renaissance
185,andrea-mantegna_the-court-of-mantua.jpg,High_Renaissance
186,andrea-mantegna_the-resurrection-of-christ.jpg,High_Renaissance
187,andrea-solario_head-of-a-bearded-man.jpg,High_Renaissance
188,andrea-solario_portrait-of-charles-d-amboise-1507.jpg,High_Renaissance
189,cima-da-conegliano_the-healing-of-anianus.jpg,High_Renaissance
190,correggio_four-saints-from-left-st-peter-st-martha-st-mary-magdalene-st-leonard-1517.jpg,High_Renaissance
191,correggio_the-adoration-of-the-magi-1518(2).jpg,High_Renaissance
192,alfred-sisley_le-bois-des-roches-veneux-nadon-1880.jpg,Impressionism
193,alfred-sisley_snow-at-marly-le-roi-1876.jpg,Impressionism
194,alfred-sisley_street-in-ville-d-avray-1873.jpg,Impressionism
195,andre-dunoyer-de-segonzac_nue-au-chapeau-de-paille.jpg,Impressionism
196,armand-guillaumin_effts-de-neige-palaiseau-1883.jpg,Impressionism
197,auguste-rodin_untitled(2).jpg,Impressionism
198,berthe-morisot_young-woman-leaning-on-her-elbows.jpg,Impressionism
199,camille-pissarro_laundring-women-eragny-sur-eptes-1895.jpg,Impressionism
200,camille-pissarro_le-boulevard-de-clichy-1880.jpg,Impressionism
201,camille-pissarro_old-wingrower-in-moret-1902.jpg,Impressionism
202,camille-pissarro_the-village-of-eragny-1885.jpg,Impressionism
203,camille-pissarro_the-wheelbarrow-orchard.jpg,Impressionism
204,childe-hassam_little-old-cottage-egypt-lane-east-hampton.jpg,Impressionism
205,childe-hassam_surf-isles-of-shoals.jpg,Impressionism
206,childe-hassam_thunderstorm-on-the-oregon-trail.jpg,Impressionism
207,claude-monet_fishing-boats-at-sea.jpg,Impressionism
208,agnolo-bronzino_lucrezia-panciatichi-1540.jpg,Mannerism_Late_Renaissance
209,agnolo-bronzino_portrait-of-a-sculptor.jpg,Mannerism_Late_Renaissance
210,agnolo-bronzino_portrait-of-cosimo-i-de-medici-1545.jpg,Mannerism_Late_Renaissance
211,agnolo-bronzino_portrait-of-signor-panciatichi-bartolomeo-1540.jpg,Mannerism_Late_Renaissance
212,agnolo-bronzino_unknown-lady.jpg,Mannerism_Late_Renaissance
213,andrea-del-sarto_sts-michael-and-john-gualbert.jpg,Mannerism_Late_Renaissance
214,correggio_jupiter-and-io-1532.jpg,Mannerism_Late_Renaissance
215,correggio_the-assumption-of-the-virgin-detail(2).jpg,Mannerism_Late_Renaissance
216,el-greco_annunciation.jpg,Mannerism_Late_Renaissance
217,el-greco_apostle-st-andrew-1.jpg,Mannerism_Late_Renaissance
218,el-greco_dormition-of-the-virgin-1566.jpg,Mannerism_Late_Renaissance
219,el-greco_laocoon.jpg,Mannerism_Late_Renaissance
220,el-greco_opening-of-the-fifth-seal-the-vision-of-saint-john-the-divine(1).jpg,Mannerism_Late_Renaissance
221,el-greco_penitent-magdalene.jpg,Mannerism_Late_Renaissance
222,el-greco_portrait-of-dominican-friar.jpg,Mannerism_Late_Renaissance
223,el-greco_st-francis-receiving-the-stigmata.jpg,Mannerism_Late_Renaissance
224,agnes-martin_aspiration-1960.jpg,Minimalism
225,agnes-martin_on-a-clear-day-1-1973.jpg,Minimalism
226,agnes-martin_starlight.jpg,Minimalism
227,agnes-martin_untitled-1977-2.jpg,Minimalism
228,agnes-martin_untitled-6-1980.jpg,Minimalism
229,alberto-carneiro_tree-game-toy-in-seven-mirrored-images-1974.jpg,Minimalism
230,alex-hay_anomaly-blue-2006.jpg,Minimalism
231,alighiero-boetti_da-alighiero-nati-a-guido-boetti-1986.jpg,Minimalism
232,alighiero-boetti_immaginando-tutto-1982.jpg,Minimalism
233,alighiero-boetti_ma-cosa-fai-ma-cosa-dici-1972.jpg,Minimalism
234,andrei-cadere_round-wooden-bar-1974.jpg,Minimalism
235,andrei-cadere_round-wooden-bar-in-red-blue-orange-green-yellow-and-violet-1975.jpg,Minimalism
236,andrei-cadere_square-wooden-bar.jpg,Minimalism
237,andrei-cadere_untitled-bar-a-13002040-1977.jpg,Minimalism
238,anne-truitt_30-july-1973-1973.jpg,Minimalism
239,antonio-ligabue_eagles-with-fox.jpg,Naive_Art_Primitivism
240,antonio-ligabue_horses-with-storm.jpg,Naive_Art_Primitivism
241,boris-kustodiev_gate-laputin-s-house-1922.jpg,Naive_Art_Primitivism
242,camille-bombois_river-running-through-the-forest.jpg,Naive_Art_Primitivism
243,david-burliuk_landscape-in-new-mexico-1942.jpg,Naive_Art_Primitivism
244,david-burliuk_miami-beach.jpg,Naive_Art_Primitivism
245,david-burliuk_peasant-girl-1945.jpg,Naive_Art_Primitivism
246,david-burliuk_reclining-nude-in-a-landscape(1).jpg,Naive_Art_Primitivism
247,diego-rivera_the-day-of-the-dead-1944.jpg,Naive_Art_Primitivism
248,diego-rivera_the-maize-festival-1924.jpg,Naive_Art_Primitivism
249,fernand-leger_composition-in-two-birds-landscape-with-birds-1954.jpg,Naive_Art_Primitivism
250,fernand-leger_manufacturers-with-aloe-1951.jpg,Naive_Art_Primitivism
251,fernand-leger_study-of-women-at-the-plant.jpg,Naive_Art_Primitivism
252,fernand-leger_the-album-circus-1950-12.jpg,Naive_Art_Primitivism
253,fernand-leger_the-rider-the-juggler-the-acrobat-1953.jpg,Naive_Art_Primitivism
254,edward-hopper_adobes-and-shed-new-mexico.jpg,New_Realism
255,edward-hopper_american-village.jpg,New_Realism
256,edward-hopper_apartment-houses.jpg,New_Realism
257,edward-hopper_cape-cod-afternoon.jpg,New_Realism
258,edward-hopper_cape-cod-evening.jpg,New_Realism
259,edward-hopper_cape-cod-morning.jpg,New_Realism
260,edward-hopper_chair-car-1965.jpg,New_Realism
261,edward-hopper_coast-guard-station.jpg,New_Realism
262,edward-hopper_conference-at-night.jpg,New_Realism
263,edward-hopper_corn-hill.jpg,New_Realism
264,edward-hopper_d-r-g-locomotive.jpg,New_Realism
265,edward-hopper_deck-of-a-beam-trawler-gloucester.jpg,New_Realism
266,edward-hopper_drug-store-1927.jpg,New_Realism
267,edward-hopper_elizabeth-griffiths-smith-hopper-the-artist-s-mother-1916.jpg,New_Realism
268,edward-hopper_five-a-m.jpg,New_Realism
269,albrecht-altdorfer_birth-of-mary.jpg,Northern_Renaissance
270,albrecht-altdorfer_crucifixion-1526.jpg,Northern_Renaissance
271,albrecht-altdorfer_florian-result-scenes-for-legend-of-st-florian-1518.jpg,Northern_Renaissance
272,albrecht-altdorfer_self-portrait-1530.jpg,Northern_Renaissance
273,albrecht-altdorfer_the-battle-of-issus-fragment-1529-8.jpg,Northern_Renaissance
274,albrecht-durer_cardinal-albrecht-of-brandenburg-the-small-cardina-1519.jpg,Northern_Renaissance
275,albrecht-durer_christ-before-pilate.jpg,Northern_Renaissance
276,albrecht-durer_christ-on-the-mount-olive.jpg,Northern_Renaissance
277,albrecht-durer_crucifixion-1519.jpg,Northern_Renaissance
278,albrecht-durer_death-and-the-landsknecht-1510.jpg,Northern_Renaissance
279,albrecht-durer_fortune-1495.jpg,Northern_Renaissance
280,albrecht-durer_hand-1528.jpg,Northern_Renaissance
281,albrecht-durer_head-of-an-apostle-looking-upward-1508.jpg,Northern_Renaissance
282,albrecht-durer_head-of-peter.jpg,Northern_Renaissance
283,albrecht-durer_hercules-and-the-birds-symphalischen.jpg,Northern_Renaissance
284,andre-derain_charing-cross-bridge-1906.jpg,Pointillism
285,andre-derain_effect-of-sun-on-the-water-london-1906.jpg,Pointillism
286,auguste-herbin_park-in-paris-1904.jpg,Pointillism
287,camille-pissarro_hampton-court-green-london-1891.jpg,Pointillism
288,camille-pissarro_haymakers-resting-1891.jpg,Pointillism
289,camille-pissarro_kew-the-path-to-the-main-conservatory.jpg,Pointillism
290,camille-pissarro_study-of-a-peasant-in-open-air-also-known-as-peasant-digging-1882.jpg,Pointillism
291,camille-pissarro_young-flemish-maid.jpg,Pointillism
292,georges-lacombeâ _portrait-of-paul-ranson-1905.jpg,Pointillism
293,georges-lemmen_portrait-of-mme-lemmen-1893.jpg,Pointillism
294,georges-lemmen_rooftops.jpg,Pointillism
295,georges-lemmen_the-two-sisters-1894.jpg,Pointillism
296,georges-seurat_courbevoie-landscape-with-turret-1884.jpg,Pointillism
297,georges-seurat_end-of-the-jetty-honfleur-1886.jpg,Pointillism
298,georges-seurat_hospice-and-lighthouse-honfleur-1886.jpg,Pointillism
299,aldo-mondino_knawa-maroc-2002.jpg,Pop_Art
300,allan-d'arcangelo_smoke-dream.jpg,Pop_Art
301,allen-jones_the-battle-of-hastings-1962.jpg,Pop_Art
302,andy-warhol_amos-1976.jpg,Pop_Art
303,andy-warhol_botticelli-dettaglio.jpg,Pop_Art
304,andy-warhol_butterfly-hearths-andy-warhol.jpg,Pop_Art
305,andy-warhol_dollar-sign.jpg,Pop_Art
306,andy-warhol_electric-chair.jpg,Pop_Art
307,andy-warhol_elvis.jpg,Pop_Art
308,andy-warhol_gun.jpg,Pop_Art
309,andy-warhol_hamburger-beige.jpg,Pop_Art
310,andy-warhol_julia-warhola.jpg,Pop_Art
311,andy-warhol_liz-taylor.jpg,Pop_Art
312,andy-warhol_madonna-and-self-portrait-with-skeleton-s-arm-after-munch.jpg,Pop_Art
313,andy-warhol_mao-3.jpg,Pop_Art
314,albert-marquet_le-jardin-du-luxembourg.jpg,Post_Impressionism
315,albert-marquet_the-coffeepot-1902.jpg,Post_Impressionism
316,alekos-kontopoulos_naked-in-the-woods-1932.jpg,Post_Impressionism
317,andre-derain_trees-on-the-banks-of-the-seine-1913.jpg,Post_Impressionism
318,bela-czobel_street-in-berlin-1920.jpg,Post_Impressionism
319,charles-reiffel_autumn-design-1922.jpg,Post_Impressionism
320,constantin-piliuta_the-peacock.jpg,Post_Impressionism
321,constantine-maleas_view-of-kalavryta.jpg,Post_Impressionism
322,david-burliuk_chrysanthemums-and-asters.jpg,Post_Impressionism
323,david-burliuk_majorca-spain.jpg,Post_Impressionism
324,dumitru-ghiatza_view-from-the-royal-palace.jpg,Post_Impressionism
325,edouard-cortes_rue-de-la-paix-1.jpg,Post_Impressionism
326,edouard-cortes_rue-royale-concorde-1.jpg,Post_Impressionism
327,edouard-cortes_the-ferryman.jpg,Post_Impressionism
328,edouard-cortes_the-triumphal-arc-winter.jpg,Post_Impressionism
329,aleksey-savrasov_volga.jpg,Realism
330,alexey-venetsianov_haymaking.jpg,Realism
331,alexey-venetsianov_head-of-an-old-peasant.jpg,Realism
332,arkhip-kuindzhi_forest-landscape.jpg,Realism
333,boris-kustodiev_house-in-uspensky-1908.jpg,Realism
334,boris-kustodiev_officers-near-the-carriage-1905.jpg,Realism
335,camille-corot_landscape-at-mornex-haute-savoie-1842.jpg,Realism
336,camille-corot_old-bridge-at-limay-on-the-seine.jpg,Realism
337,camille-corot_roman-countryside.jpg,Realism
338,camille-corot_toussaint-lemaistre-architect-1833.jpg,Realism
339,camille-pissarro_in-the-woods.jpg,Realism
340,charles-sheeler_industrial-series-1-1928.jpg,Realism
341,claude-monet_by-the-sea.jpg,Realism
342,efim-volkov_october.jpg,Realism
343,efim-volkov_warm-evening.jpg,Realism
344,allan-ramsay_robert-wood.jpg,Rococo
345,antoine-pesne_friedrich-hoffmann-german-physician.jpg,Rococo
346,antoine-pesne_heinrich-von-podewils-prussian-statesman-1731.jpg,Rococo
347,antoine-pesne_jean-philippe-baratier-presented-by-minerva-german-scholar-1735.jpg,Rococo
348,antoine-pesne_joanna-elisabeth-of-holstein-gottorp.jpg,Rococo
349,antoine-pesne_luise-ulrike-of-prussia-queen-of-sweden.jpg,Rococo
350,antoine-pesne_portrait-of-frederick-william-i-of-prussia.jpg,Rococo
351,antoine-pesne_portrait-of-sophie-dorothea-von-preu-en-1737.jpg,Rococo
352,antoine-pesne_princess-sophie-dorothea-marie-with-her-husband-frederick-william-margrave-of-brandenburg-1734.jpg,Rococo
353,antoine-pesne_self-portrait-with-daughters-1754.jpg,Rococo
354,antoine-watteau_gilles.jpg,Rococo
355,antoine-watteau_mezzetin-1719.jpg,Rococo
356,antoine-watteau_the-dance-1720.jpg,Rococo
357,antoine-watteau_the-flautist.jpg,Rococo
358,antoine-watteau_the-seducer.jpg,Rococo
359,albert-bierstadt_street-in-nassau-1878.jpg,Romanticism
360,alexander-shilov_nude-1991(3).jpg,Romanticism
361,alexander-shilov_young-gypsy-1990(4).jpg,Romanticism
362,alexey-venetsianov_portrait-of-m-a-venetsianova.jpg,Romanticism
363,alfred-stevens_the-widow.jpg,Romanticism
364,anton-melbye_the-sailing-ship-johanna-and-other-vessels-in-sundet-off-kronborg-castle-1849.jpg,Romanticism
365,arnold-bã¶cklin_on-the-pontine-swamps-1851.jpg,Romanticism
366,arthur-hughes_amy-study.jpg,Romanticism
367,arthur-hughes_april-love-1856.jpg,Romanticism
368,arthur-hughes_portrait-of-mrs-louisa-jenner.jpg,Romanticism
369,arthur-hughes_the-young-poet.jpg,Romanticism
370,caspar-david-friedrich_a-northern-spring-landscape.jpg,Romanticism
371,christen-kobke_the-view-of-the-plaster-cast-collection-at-charlottenborg-palace-1830.jpg,Romanticism
372,cornelis-springer_many-figures-in-the-streets-of-haarlem-1870.jpg,Romanticism
373,eugene-delacroix_babylonian-captivity(1).jpg,Romanticism
374,alfred-kubin_black-mass-1905.jpg,Symbolism
375,arnold-bã¶cklin_self-portrait.jpg,Symbolism
376,arnold-bã¶cklin_the-death-of-cleopatra-1872.jpg,Symbolism
377,edvard-munch_young-woman-on-the-shore-1896.jpg,Symbolism
378,felicien-rops_illustration-of-les-diaboliques-1.jpg,Symbolism
379,felicien-rops_kisses-of-death.jpg,Symbolism
380,felicien-rops_study-for-the-temptation-of-st-anthony-1878.jpg,Symbolism
381,felicien-rops_the-reader.jpg,Symbolism
382,felicien-rops_the-scraps.jpg,Symbolism
383,ferdinand-hodler_dents-du-midi-1916.jpg,Symbolism
384,fernand-khnopff_nu-aux-cheveux-noirs-1922.jpg,Symbolism
385,frantisek-kupka_admiration.jpg,Symbolism
386,frantisek-kupka_the-lotus-soul-1898.jpg,Symbolism
387,frantisek-kupka_woman-and-horse-1906.jpg,Symbolism
388,georges-lacombeâ _the-green-wave-vorhor.jpg,Symbolism
389,ad-reinhardt_newsprint-collage-1940.jpg,Synthetic_Cubism
390,georges-braque_aria-de-bach-1913.jpg,Synthetic_Cubism
391,georges-braque_checkerboard-tivoli-cinema-1913.jpg,Synthetic_Cubism
392,georges-braque_glass-and-card.jpg,Synthetic_Cubism
393,georges-braque_glass-carafe-and-newspapers-1914.jpg,Synthetic_Cubism
394,georges-braque_guitar-and-sheet-music-on-table-1918.jpg,Synthetic_Cubism
395,georges-braque_mandolin-1914.jpg,Synthetic_Cubism
396,georges-braque_newspaper-bottle-packet-of-tobacco-1914.jpg,Synthetic_Cubism
397,georges-braque_pedestal-table-1913.jpg,Synthetic_Cubism
398,georges-braque_still-life-on-a-table-1918.jpg,Synthetic_Cubism
399,georges-braque_still-life-on-a-table-with-gillette-1914.jpg,Synthetic_Cubism
400,georges-braque_still-life-with-ace-of-hearts-1914.jpg,Synthetic_Cubism
401,georges-braque_the-clarinet-valse-1912.jpg,Synthetic_Cubism
402,georges-braque_the-gray-table-1930.jpg,Synthetic_Cubism
403,georges-braque_the-green-jug.jpg,Synthetic_Cubism
404,hiroshige_benzaiten-shrine-at-inokashira-in-snow.jpg,Ukiyo_e
405,hiroshige_descending-geese-katata.jpg,Ukiyo_e
406,hiroshige_otori-shrine.jpg,Ukiyo_e
407,hiroshige_rabbits-under-moon.jpg,Ukiyo_e
408,hiroshige_seki-early-departure-from-the-daimyos-inn.jpg,Ukiyo_e
409,hiroshige_small-bird-on-a-branch-of-kaidozakura-1838.jpg,Ukiyo_e
410,hiroshige_sudden-shower-over-shin-ohashi-bridge-at-atake-from-one-hundred-views-of-edo-1856-colour-1856(1).jpg,Ukiyo_e
411,hiroshige_wind-blown-grass-across-the-moon.jpg,Ukiyo_e
412,ito-jakuchu_birds-animals-and-flowering-plants-in-imaginary-scene-2.jpg,Ukiyo_e
413,ito-jakuchu_old-pine-tree-and-peacock-1761.jpg,Ukiyo_e
414,ito-jakuchu_roosters.jpg,Ukiyo_e
415,ito-jakuchu_rousho-hakkeizu.jpg,Ukiyo_e
416,ito-jakuchu_settyu-kinkeizu.jpg,Ukiyo_e
417,joan-ponc_m-han-pres-la-cartera-poema-de-joan-brossa-1951.jpg,Ukiyo_e
418,katsushika-hokusai_cranes-from-quick-lessons-in-simplified-drawing.jpg,Ukiyo_e
